Age,Numbers at age,Mean length,Mean weight,Total biomass,Year
0,,,,,2021
1,7 565 065,14.42688375,0.031215966,236151,2021
2, 217 634,21.32987972,0.117973655,25675,2021
3,1 642 709,30.37825846,0.328598771,539792,2021
4,1 719 647,30.34976955,0.327264932,562780,2021
5, 563 139,32.03201316,0.389751025,219484,2021
6, 357 534,36.17741691,0.571042214,204167,2021
7, 187 812,34.21158056,0.48338502,90786,2021
8,,,,,2021
9, 7 914,42,0.906715322,7175,2021
10,,,,,2021
11,,,,,2021
12+,,,,,2021